{"cameraMode":{"drawMode":0,"name":"Shaded","section":"Shading Mode"},"sceneLighting":false,"audioPlay":false,"sceneViewState":{"showFog":true,"showMaterialUpdate":false,"showSkybox":true,"showFlares":true,"showImageEffects":true,"showParticleSystems":true},"in2DMode":false,"pivot":{"x":0.5549782514572144,"y":-0.7022442817687988,"z":1.1356234550476075},"rotation":{"x":0.3199721872806549,"y":-0.09215722978115082,"z":0.0313861221075058,"w":0.9424489140510559},"size":5.305750370025635,"orthographic":false}